,cdr3
0,CASSLGYEQYF
1,CASSLSYEQYF
2,CASSLAYEQYF
3,CASSQGYEQYF
4,CASSPGYEQYF
5,CASSFGYEQYF
6,CASSSGYEQYF
7,CASSRGYEQYF
8,CASSEGYEQYF
9,CASSGGYEQYF
10,CASSAGYEQYF
11,CASSYGYEQYF
12,CASSTGYEQYF
13,CASSDGYEQYF
14,CASSVGYEQYF
15,CASSWGYEQYF
16,CASSIGYEQYF
17,CASSKGYEQYF
18,CASSHGYEQYF
19,CASSNGYEQYF
20,CASSMGYEQYF
21,CASSSSYEQYF
22,CASSPSYEQYF
23,CASSFSYEQYF
24,CASSSTYEQYF
25,CASSSAYEQYF
26,CASSYSYEQYF
27,CASSRSYEQYF
28,CASSDSYEQYF
29,CASSASYEQYF
30,CASSSPYEQYF
31,CASSSLYEQYF
32,CASSGSYEQYF
33,CASSSYYEQYF
34,CASSVSYEQYF
35,CASSSNYEQYF
36,CASSQSYEQYF
37,CASSTSYEQYF
38,CASSSDYEQYF
39,CASSNSYEQYF
40,CASSSFYEQYF
41,CASSESYEQYF
42,CASSISYEQYF
43,CASSSIYEQYF
44,CASSSHYEQYF
45,CASSSVYEQYF
46,CASSSQYEQYF
47,CASSSEYEQYF
48,CASSSKYEQYF
49,CASSKSYEQYF
50,CASSSMYEQYF
51,CASSMSYEQYF
52,CASSPAYEQYF
53,CASSQAYEQYF
54,CASSGAYEQYF
55,CASSEAYEQYF
56,CASSRAYEQYF
57,CASSAAYEQYF
58,CASSVAYEQYF
59,CASSTAYEQYF
60,CASSYAYEQYF
61,CASSDAYEQYF
62,CASSIAYEQYF
63,CASSKAYEQYF
64,CASSNAYEQYF
65,CASSMAYEQYF
66,CASSQTYEQYF
67,CASSQGGEQYF
68,CASSQDYEQYF
69,CASRQGYEQYF
70,CASSQNYEQYF
71,CASSQVYEQYF
72,CASSQLYEQYF
73,CASSQGREQYF
74,CASSQYYEQYF
75,CASSQFYEQYF
76,CASSQRYEQYF
77,CASSQEYEQYF
78,CASSQIYEQYF
79,CASSQQYEQYF
80,CASSQHYEQYF
81,CASSQPYEQYF
82,CASSQKYEQYF
83,CASSQWYEQYF
84,CASSRTYEQYF
85,CASSDTYEQYF
86,CASSETYEQYF
87,CASSRDYEQYF
88,CASSRNYEQYF
89,CASSRLYEQYF
90,CASSRRYEQYF
91,CASSRYYEQYF
92,CASSREYEQYF
93,CASSRQYEQYF
94,CASSRVYEQYF
95,CASSRIYEQYF
96,CASSRFYEQYF
97,CASSRPYEQYF
98,CASSRHYEQYF
99,CASSRKYEQYF
100,CASSRGGEQYF
101,CASSRGNEQYF
102,CASSRGLEQYF
103,CASSRGREQYF
104,CASSRGPEQYF
105,CASSRGFEQYF
106,CASSRGTEQYF
107,CASSRGWEQYF
108,CASRRTYEQYF
109,CASSLGGNQPQHF
110,CASSLGSNQPQHF
111,CASSLGPNQPQHF
112,CASSQGGNQPQHF
113,CASSLGLNQPQHF
114,CASSLGVNQPQHF
115,CASSSGGNQPQHF
116,CASSIGGNQPQHF
117,CASSLGTNQPQHF
118,CASSEGGNQPQHF
119,CASSAGGNQPQHF
120,CASSLGFNQPQHF
121,CASSLGHNQPQHF
122,CASSLGYNQPQHF
123,CASSSGRNQPQHF
124,CASSLTGNTEAFF
125,CASSLAGNTEAFF
126,CASSRTGNTEAFF
127,CASSLDGNTEAFF
128,CASSLTGDTEAFF
129,CASSSTGNTEAFF
130,CASSFTGNTEAFF
131,CASSQTGNTEAFF
132,CASSTTGNTEAFF
133,CASSATGNTEAFF
134,CASSITGNTEAFF
135,CASSKTGNTEAFF
136,CASSMTGNTEAFF
137,CASSHTGNTEAFF
138,CASSLDRNTEAFF
139,CASSLDRGTEAFF
140,CASSLDQNTEAFF
141,CASSLDENTEAFF
142,CASSLGGDTEAFF
143,CASSLGGYEQYF
144,CASSLQGYEQYF
145,CASSPGGYEQYF
146,CASSLVGYEQYF
147,CASSLEGYEQYF
148,CASSLTGYEQYF
149,CASSLSGYEQYF
150,CASSLRGYEQYF
151,CASSLDGYEQYF
152,CASSQGGYEQYF
153,CASSLLGYEQYF
154,CASSLPGYEQYF
155,CASSRGGYEQYF
156,CASSLKGYEQYF
157,CASSLNGYEQYF
158,CASSLWGYEQYF
159,CASSLYGYEQYF
160,CASSLHGYEQYF
161,CASSLDSYEQYF
162,CASSPDSYEQYF
163,CASSRDSYEQYF
164,CASSSDSYEQYF
165,CASSQDSYEQYF
166,CASSGDSYEQYF
167,CASSADSYEQYF
168,CASSFDSYEQYF
169,CASSTDSYEQYF
170,CASSWDSYEQYF
171,CASSYDSYEQYF
172,CASSVDSYEQYF
173,CASSKDSYEQYF
174,CASSEDSYEQYF
175,CASSHDSYEQYF
176,CASSDDSYEQYF
177,CASSIDSYEQYF
178,CASSMDSYEQYF
179,CASSSQGYEQYF
180,CASSPQGYEQYF
181,CASSRQGYEQYF
182,CASSGQGYEQYF
183,CASSFQGYEQYF
184,CASSTQGYEQYF
185,CASSQQGYEQYF
186,CASSVQGYEQYF
187,CASSEQGYEQYF
188,CASSPTGYEQYF
189,CASSPRGYEQYF
190,CASSQVGYEQYF
191,CASSQEGYEQYF
192,CASSRTSYEQYF
193,CASSRTGYEQYF
194,CASSGTGYEQYF
195,CASSQTGYEQYF
196,CASSFTGYEQYF
197,CASSETGYEQYF
198,CASSTTGYEQYF
199,CASSFSGYEQYF
200,CASSFRGYEQYF
201,CASSQRGYEQYF
202,CASSPTGLEQYF
203,CASSPRGGEQYF
204,CASSQGSYEQYF
205,CASSQTSYEQYF
206,CASSQGPYEQYF
207,CASSQPGYEQYF
208,CASSQKGYEQYF
209,CASSGTSYEQYF
210,CASSFPGYEQYF
211,CASSFTGGEQYF
212,CASSLGGSYEQYF
213,CASSLAGSYEQYF
214,CASSLGQSYEQYF
215,CASSLGGTYEQYF
216,CASSLGGAYEQYF
217,CASSLTGSYEQYF
218,CASSLVGSYEQYF
219,CASSLEGSYEQYF
220,CASSSGGSYEQYF
221,CASSLLGSYEQYF
222,CASSLPGSYEQYF
223,CASSRGGSYEQYF
224,CASSVGGSYEQYF
225,CASSYGGSYEQYF
226,CASSLGGNYEQYF
227,CASSLGGRYEQYF
228,CASSLKGSYEQYF
229,CASSLIGSYEQYF
230,CASSLMGSYEQYF
231,CASSLWGSYEQYF
232,CASSLYGSYEQYF
233,CASSLFGSYEQYF
234,CASSLGQGYEQYF
235,CASSLGQAYEQYF
236,CASSLGQTYEQYF
237,CASSLGRGYEQYF
238,CASSFGQGYEQYF
239,CASSLGQNYEQYF
240,CASSLGQPYEQYF
241,CASSLGQLYEQYF
242,CASSLGQDYEQYF
243,CASSLGQVYEQYF
244,CASSLGQRYEQYF
245,CASSLGQHYEQYF
246,CASSLAGGYEQYF
247,CASSLGTAYEQYF
248,CASSLGRAYEQYF
249,CASSLGAAYEQYF
250,CASSLGPAYEQYF
251,CASSLGWAYEQYF
252,CASSLDRGYEQYF
253,CASSQDRGYEQYF
254,CASSWDRGYEQYF
255,CASSPDRGYEQYF
256,CASSGDRGYEQYF
257,CASSVDRGYEQYF
258,CASSIDRGYEQYF
259,CASSYDRGYEQYF
260,CASSKDRGYEQYF
261,CASSMDRGYEQYF
262,CASSFGQGGEQYF
263,CASSRDRAYEQYF
264,CASSPDRAYEQYF
265,CASSQDRAYEQYF
266,CASSFDRAYEQYF
267,CASSQDGGYEQYF
268,CASSLGPNYEQYF
269,CASSPGPNYEQYF
270,CASSSGPNYEQYF
271,CASSQGPNYEQYF
272,CASSYGHSYEQYF
273,CASSLGADYEQYF
274,CASSQGTNYEQYF
275,CASSPGQGGEQYF
276,CASSQVGGYEQYF
277,CASSLGSYGYTF
278,CASSPGTGYGYTF
279,CASSPGTGSYEQYF
280,CASSAGTGSYEQYF
281,CASSPGGGSYEQYF
282,CASSVGTGSYEQYF
283,CASSRGTGSYEQYF
284,CASSQGTGSYEQYF
285,CASSYGTGSYEQYF
286,CASSEGTGSYEQYF
287,CASSRGQGSYEQYF
288,CASRGGTEAFF
289,CASSPGDYGYTF
290,CASSPGNYGYTF
291,CASSFGGGTEAFF
292,CASSFGGLTEAFF
293,CASSPPSSYEQYF
294,CASSPDSSYEQYF
295,CASSIDSSYEQYF
296,CASSTDSSYEQYF
297,CASSLGQSSYEQYF
298,CASSPALNTEAFF
299,CASSPSGGYEQYF
300,CASSQVRNTEAFF
301,CASSQARNTEAFF
302,CASSQERNTEAFF
303,CASSQGGMNTEAFF
304,CASSQDGMNTEAFF
305,CASSQGRNSPLHF
306,CASSLGGGGEQYF
307,CASSQGLGQPQHF
308,CASSRGQDTEAFF
309,CASSFGGSEQYF
